version,step,condition,occupancy_pct,empty_pct,wall_pct,roof_pct,ground_pct
v2,2500,munich_res_gabled_1960s,79.02355194091797,20.97644805908203,14.4439697265625,17.847919464111328,18.096160888671875
v2,2500,gruenderzeit_res_gabled_pre1919,80.63087463378906,19.369125366210938,15.379619598388672,17.458534240722656,18.691635131835938
v2,2500,modern_nonres_flat_2000s,80.21469116210938,19.785308837890625,14.496231079101562,17.856979370117188,17.096519470214844
v2,2500,rural_agricultural_monopitch_1980s,80.17988204956055,19.820117950439453,13.068294525146484,17.36431121826172,17.745685577392578
v2,5000,munich_res_gabled_1960s,71.28496170043945,28.715038299560547,15.128040313720703,14.511299133300781,14.441776275634766
v2,5000,gruenderzeit_res_gabled_pre1919,72.22023010253906,27.779769897460938,16.395187377929688,14.27316665649414,14.17989730834961
v2,5000,modern_nonres_flat_2000s,71.03548049926758,28.964519500732422,15.153121948242188,14.849472045898438,13.301372528076172
v2,5000,rural_agricultural_monopitch_1980s,73.50311279296875,26.49688720703125,14.593124389648438,15.160655975341797,13.746929168701172
v2,7500,munich_res_gabled_1960s,77.56938934326172,22.43061065673828,16.413021087646484,15.726661682128906,14.058876037597656
v2,7500,gruenderzeit_res_gabled_pre1919,76.38406753540039,23.61593246459961,16.57543182373047,14.995384216308594,14.666175842285156
v2,7500,modern_nonres_flat_2000s,75.84953308105469,24.150466918945312,17.12017059326172,14.493942260742188,14.069080352783203
v2,7500,rural_agricultural_monopitch_1980s,77.65836715698242,22.341632843017578,16.33749008178711,15.502166748046875,15.265464782714844
v2,10000,munich_res_gabled_1960s,77.3447036743164,22.655296325683594,15.644454956054688,16.269874572753906,15.929985046386719
v2,10000,gruenderzeit_res_gabled_pre1919,76.87911987304688,23.120880126953125,15.212440490722656,16.495132446289062,15.206718444824219
v2,10000,modern_nonres_flat_2000s,76.35993957519531,23.640060424804688,16.10574722290039,15.651416778564453,15.105819702148438
v2,10000,rural_agricultural_monopitch_1980s,76.76572799682617,23.234272003173828,15.761661529541016,15.666389465332031,15.739727020263672
v2,12500,munich_res_gabled_1960s,74.72610473632812,25.273895263671875,15.337944030761719,14.95819091796875,15.33975601196289
v2,12500,gruenderzeit_res_gabled_pre1919,75.65155029296875,24.34844970703125,15.529727935791016,14.972877502441406,15.34719467163086
v2,12500,modern_nonres_flat_2000s,74.97549057006836,25.02450942993164,17.08202362060547,13.341999053955078,15.303325653076172
v2,12500,rural_agricultural_monopitch_1980s,76.38740539550781,23.612594604492188,16.978931427001953,13.651561737060547,15.761470794677734
v2,15000,munich_res_gabled_1960s,74.41654205322266,25.583457946777344,14.731884002685547,15.893268585205078,14.618492126464844
v2,15000,gruenderzeit_res_gabled_pre1919,75.21257400512695,24.787425994873047,15.339469909667969,15.9576416015625,14.33401107788086
v2,15000,modern_nonres_flat_2000s,74.39908981323242,25.600910186767578,15.35177230834961,15.3778076171875,14.502906799316406
v2,15000,rural_agricultural_monopitch_1980s,74.89795684814453,25.10204315185547,14.918899536132812,15.807723999023438,14.717960357666016
v2,17500,munich_res_gabled_1960s,72.52864837646484,27.471351623535156,14.20602798461914,14.158821105957031,14.798831939697266
v2,17500,gruenderzeit_res_gabled_pre1919,73.25630187988281,26.743698120117188,15.036773681640625,14.638233184814453,14.627742767333984
v2,17500,modern_nonres_flat_2000s,72.6877212524414,27.312278747558594,14.406490325927734,14.599037170410156,14.859390258789062
v2,17500,rural_agricultural_monopitch_1980s,73.27098846435547,26.72901153564453,14.89267349243164,14.086723327636719,14.598464965820312
v3,2500,munich_res_gabled_1960s,79.47673797607422,20.52326202392578,17.350196838378906,16.013717651367188,15.878963470458984
v3,2500,gruenderzeit_res_gabled_pre1919,80.47075271606445,19.529247283935547,18.87950897216797,16.584110260009766,15.808773040771484
v3,2500,modern_nonres_flat_2000s,80.16929626464844,19.830703735351562,17.116546630859375,17.16899871826172,16.481971740722656
v3,2500,rural_agricultural_monopitch_1980s,79.23755645751953,20.76244354248047,17.859745025634766,15.607833862304688,18.352222442626953
v3,5000,munich_res_gabled_1960s,76.84488296508789,23.15511703491211,16.410446166992188,15.672969818115234,15.886306762695312
v3,5000,gruenderzeit_res_gabled_pre1919,79.9748420715332,20.025157928466797,18.059635162353516,16.28894805908203,16.68243408203125
v3,5000,modern_nonres_flat_2000s,77.51283645629883,22.487163543701172,16.068363189697266,16.66097640991211,15.749645233154297
v3,5000,rural_agricultural_monopitch_1980s,79.19788360595703,20.80211639404297,16.391944885253906,16.995716094970703,19.070816040039062
v3,7500,munich_res_gabled_1960s,79.34694290161133,20.653057098388672,18.723678588867188,16.875553131103516,15.700531005859375
v3,7500,gruenderzeit_res_gabled_pre1919,81.71138763427734,18.288612365722656,20.339012145996094,17.5018310546875,15.686893463134766
v3,7500,modern_nonres_flat_2000s,79.70170974731445,20.298290252685547,19.170761108398438,17.006683349609375,16.109752655029297
v3,7500,rural_agricultural_monopitch_1980s,81.48365020751953,18.51634979248047,18.77450942993164,16.907978057861328,17.196369171142578
v3,10000,munich_res_gabled_1960s,80.47399520874023,19.526004791259766,19.08283233642578,16.903305053710938,16.181182861328125
v3,10000,gruenderzeit_res_gabled_pre1919,81.8685531616211,18.131446838378906,20.349884033203125,17.174243927001953,16.50552749633789
v3,10000,modern_nonres_flat_2000s,81.6981315612793,18.301868438720703,20.35226821899414,16.918659210205078,16.368484497070312
v3,10000,rural_agricultural_monopitch_1980s,82.00321197509766,17.996788024902344,18.94397735595703,16.644287109375,17.479610443115234
v3,12500,munich_res_gabled_1960s,81.98041915893555,18.019580841064453,20.14598846435547,16.428565979003906,16.645240783691406
v3,12500,gruenderzeit_res_gabled_pre1919,81.87732696533203,18.12267303466797,20.438861846923828,17.037391662597656,15.866374969482422
v3,12500,modern_nonres_flat_2000s,82.33957290649414,17.66042709350586,20.94564437866211,17.177200317382812,15.970993041992188
v3,12500,rural_agricultural_monopitch_1980s,81.2382698059082,18.761730194091797,19.152069091796875,16.565418243408203,17.21324920654297
v3,15000,munich_res_gabled_1960s,82.40270614624023,17.597293853759766,20.714473724365234,17.23041534423828,15.949153900146484
v3,15000,gruenderzeit_res_gabled_pre1919,82.52744674682617,17.472553253173828,21.309375762939453,17.571640014648438,15.699100494384766
v3,15000,modern_nonres_flat_2000s,82.56568908691406,17.434310913085938,20.97463607788086,17.430973052978516,15.729999542236328
v3,15000,rural_agricultural_monopitch_1980s,81.33459091186523,18.665409088134766,19.579792022705078,17.132091522216797,16.85047149658203
v3,17500,munich_res_gabled_1960s,81.02521896362305,18.974781036376953,21.083545684814453,17.119789123535156,16.076374053955078
v3,17500,gruenderzeit_res_gabled_pre1919,81.5225601196289,18.477439880371094,21.313190460205078,17.362308502197266,16.642093658447266
v3,17500,modern_nonres_flat_2000s,81.09445571899414,18.90554428100586,20.72772979736328,17.380142211914062,16.323566436767578
v3,17500,rural_agricultural_monopitch_1980s,79.56247329711914,20.43752670288086,20.096492767333984,17.03472137451172,15.732765197753906
v3,20000,munich_res_gabled_1960s,79.98733520507812,20.012664794921875,20.5535888671875,15.514850616455078,15.9637451171875
v3,20000,gruenderzeit_res_gabled_pre1919,80.54380416870117,19.456195831298828,21.549701690673828,15.442371368408203,15.761089324951172
v3,20000,modern_nonres_flat_2000s,80.86709976196289,19.13290023803711,20.879745483398438,15.980720520019531,16.13483428955078
v3,20000,rural_agricultural_monopitch_1980s,80.11894226074219,19.881057739257812,20.180320739746094,15.891361236572266,16.135025024414062
v3,22500,munich_res_gabled_1960s,79.36859130859375,20.63140869140625,21.942710876464844,14.819049835205078,14.134502410888672
v3,22500,gruenderzeit_res_gabled_pre1919,79.98771667480469,20.012283325195312,23.767471313476562,15.741539001464844,14.32504653930664
v3,22500,modern_nonres_flat_2000s,80.20572662353516,19.794273376464844,22.345638275146484,15.27261734008789,14.366722106933594
v3,22500,rural_agricultural_monopitch_1980s,78.8766860961914,21.123313903808594,21.45223617553711,15.57159423828125,14.166927337646484
v3,25000,munich_res_gabled_1960s,80.37490844726562,19.625091552734375,20.215892791748047,16.170406341552734,16.607284545898438
v3,25000,gruenderzeit_res_gabled_pre1919,81.39467239379883,18.605327606201172,20.86009979248047,16.58000946044922,16.077804565429688
v3,25000,modern_nonres_flat_2000s,81.25362396240234,18.746376037597656,19.70195770263672,17.088890075683594,16.501617431640625
v3,25000,rural_agricultural_monopitch_1980s,79.67367172241211,20.32632827758789,20.484447479248047,15.99416732788086,15.990734100341797
v3,27500,munich_res_gabled_1960s,79.04491424560547,20.95508575439453,19.74048614501953,15.36111831665039,15.304374694824219
v3,27500,gruenderzeit_res_gabled_pre1919,79.78401184082031,20.215988159179688,20.438861846923828,15.792274475097656,15.200328826904297
v3,27500,modern_nonres_flat_2000s,79.84695434570312,20.153045654296875,20.462512969970703,15.46010971069336,15.21463394165039
v3,27500,rural_agricultural_monopitch_1980s,79.25519943237305,20.744800567626953,19.47460174560547,14.711189270019531,15.30303955078125
v3,30000,munich_res_gabled_1960s,80.73978424072266,19.260215759277344,20.777320861816406,16.064453125,15.008258819580078
v3,30000,gruenderzeit_res_gabled_pre1919,80.49812316894531,19.501876831054688,21.892738342285156,16.512584686279297,15.106773376464844
v3,30000,modern_nonres_flat_2000s,80.3903579711914,19.609642028808594,21.333694458007812,15.687942504882812,15.169715881347656
v3,30000,rural_agricultural_monopitch_1980s,79.66995239257812,20.330047607421875,20.54595947265625,15.813541412353516,15.722084045410156
v3,32500,munich_res_gabled_1960s,81.61630630493164,18.38369369506836,18.51053237915039,20.835494995117188,14.908218383789062
v3,32500,gruenderzeit_res_gabled_pre1919,81.7408561706543,18.259143829345703,19.834613800048828,19.40460205078125,15.44647216796875
v3,32500,modern_nonres_flat_2000s,80.87215423583984,19.127845764160156,19.344615936279297,18.899917602539062,15.55328369140625
v3,32500,rural_agricultural_monopitch_1980s,79.79917526245117,20.200824737548828,19.89765167236328,16.41530990600586,15.914058685302734
v3,35000,munich_res_gabled_1960s,78.83882522583008,21.161174774169922,21.085453033447266,17.191314697265625,14.757347106933594
v3,35000,gruenderzeit_res_gabled_pre1919,78.82461547851562,21.175384521484375,22.131824493408203,16.28093719482422,15.045166015625
v3,35000,modern_nonres_flat_2000s,78.96251678466797,21.03748321533203,21.757030487060547,15.467357635498047,14.848518371582031
v3,35000,rural_agricultural_monopitch_1980s,78.6712646484375,21.3287353515625,21.30594253540039,15.408134460449219,16.196441650390625
v3,37500,munich_res_gabled_1960s,78.89461517333984,21.105384826660156,21.993541717529297,15.11373519897461,13.890552520751953
v3,37500,gruenderzeit_res_gabled_pre1919,78.89165878295898,21.108341217041016,23.613548278808594,15.264701843261719,14.179706573486328
v3,37500,modern_nonres_flat_2000s,79.64649200439453,20.35350799560547,22.511863708496094,15.248680114746094,14.739513397216797
v3,37500,rural_agricultural_monopitch_1980s,79.791259765625,20.208740234375,22.780513763427734,15.1885986328125,15.201091766357422
v3,40000,munich_res_gabled_1960s,80.95932006835938,19.040679931640625,23.17361831665039,17.09117889404297,14.160728454589844
v3,40000,gruenderzeit_res_gabled_pre1919,81.36301040649414,18.63698959350586,25.311565399169922,16.754817962646484,14.576244354248047
v3,40000,modern_nonres_flat_2000s,81.86674118041992,18.133258819580078,24.10106658935547,16.861343383789062,15.82021713256836
v3,40000,rural_agricultural_monopitch_1980s,80.55286407470703,19.44713592529297,24.22780990600586,15.657806396484375,15.208911895751953
v3,42500,munich_res_gabled_1960s,79.73756790161133,20.262432098388672,24.949073791503906,15.269279479980469,14.342689514160156
v3,42500,gruenderzeit_res_gabled_pre1919,79.8166275024414,20.183372497558594,26.476383209228516,14.852333068847656,14.505863189697266
v3,42500,modern_nonres_flat_2000s,80.11350631713867,19.886493682861328,25.74462890625,15.22512435913086,15.17953872680664
v3,42500,rural_agricultural_monopitch_1980s,80.05590438842773,19.944095611572266,23.32296371459961,15.206527709960938,15.717792510986328
v4,2500,munich_res_gabled_1960s,0.7279396057128906,99.27206039428711,0.46100616455078125,0.157928466796875,0.10900497436523438
v4,2500,gruenderzeit_res_gabled_pre1919,2.6674270629882812,97.33257293701172,1.6579627990722656,0.7658004760742188,0.24366378784179688
v4,2500,modern_nonres_flat_2000s,3.6699295043945312,96.33007049560547,2.772045135498047,0.5000114440917969,0.3978729248046875
v4,2500,rural_agricultural_monopitch_1980s,0.2657890319824219,99.73421096801758,0.1842498779296875,0.0274658203125,0.054073333740234375
v4,5000,munich_res_gabled_1960s,1.1059761047363281,98.89402389526367,0.5448341369628906,0.3785133361816406,0.18262863159179688
v4,5000,gruenderzeit_res_gabled_pre1919,2.3835182189941406,97.61648178100586,1.2663841247558594,0.8214950561523438,0.2956390380859375
v4,5000,modern_nonres_flat_2000s,3.111743927001953,96.88825607299805,2.2233009338378906,0.4443168640136719,0.4441261291503906
v4,5000,rural_agricultural_monopitch_1980s,0.6516456604003906,99.34835433959961,0.4761695861816406,0.07085800170898438,0.10461807250976562
v4,7500,munich_res_gabled_1960s,0.7420539855957031,99.2579460144043,0.3901481628417969,0.2300262451171875,0.12187957763671875
v4,7500,gruenderzeit_res_gabled_pre1919,2.1900177001953125,97.80998229980469,1.2350082397460938,0.6755828857421875,0.27942657470703125
v4,7500,modern_nonres_flat_2000s,3.7606239318847656,96.23937606811523,2.7464866638183594,0.5537986755371094,0.4603385925292969
v4,7500,rural_agricultural_monopitch_1980s,1.2357711791992188,98.76422882080078,0.8313179016113281,0.19626617431640625,0.20818710327148438
v4,10000,munich_res_gabled_1960s,1.0535240173339844,98.94647598266602,0.6133079528808594,0.2644538879394531,0.17576217651367188
v4,10000,gruenderzeit_res_gabled_pre1919,1.9785881042480469,98.02141189575195,1.2574195861816406,0.4998207092285156,0.22134780883789062
v4,10000,modern_nonres_flat_2000s,2.7240753173828125,97.27592468261719,2.1134376525878906,0.2960205078125,0.3146171569824219
v4,10000,rural_agricultural_monopitch_1980s,1.1104583740234375,98.88954162597656,0.8203506469726562,0.15459060668945312,0.13551712036132812
v4,12500,munich_res_gabled_1960s,0.6928443908691406,99.30715560913086,0.408935546875,0.19063949584960938,0.09326934814453125
v4,12500,gruenderzeit_res_gabled_pre1919,2.3909568786621094,97.60904312133789,1.4290809631347656,0.6170272827148438,0.3448486328125
v4,12500,modern_nonres_flat_2000s,2.622222900390625,97.37777709960938,1.7270088195800781,0.4715919494628906,0.42362213134765625
v4,12500,rural_agricultural_monopitch_1980s,0.5247116088867188,99.47528839111328,0.3910064697265625,0.08249282836914062,0.051212310791015625
v4,15000,munich_res_gabled_1960s,0.7834434509277344,99.21655654907227,0.45299530029296875,0.22001266479492188,0.11043548583984375
v4,15000,gruenderzeit_res_gabled_pre1919,1.7547607421875,98.2452392578125,1.0252952575683594,0.4780769348144531,0.2513885498046875
v4,15000,modern_nonres_flat_2000s,2.4927139282226562,97.50728607177734,1.7836570739746094,0.35991668701171875,0.3491401672363281
v4,15000,rural_agricultural_monopitch_1980s,0.8402824401855469,99.15971755981445,0.5828857421875,0.150299072265625,0.10709762573242188
v4,17500,munich_res_gabled_1960s,0.8349418640136719,99.16505813598633,0.4837989807128906,0.22268295288085938,0.12845993041992188
v4,17500,gruenderzeit_res_gabled_pre1919,2.014446258544922,97.98555374145508,1.1740684509277344,0.5612373352050781,0.2791404724121094
v4,17500,modern_nonres_flat_2000s,2.776622772216797,97.2233772277832,1.8686294555664062,0.4627227783203125,0.4452705383300781
v4,17500,rural_agricultural_monopitch_1980s,1.2264251708984375,98.77357482910156,0.8838653564453125,0.17566680908203125,0.16689300537109375
v4,20000,munich_res_gabled_1960s,0.7849693298339844,99.21503067016602,0.461578369140625,0.2109527587890625,0.11243820190429688
v4,20000,gruenderzeit_res_gabled_pre1919,1.5625,98.4375,0.9381294250488281,0.4413604736328125,0.18301010131835938
v4,20000,modern_nonres_flat_2000s,2.568817138671875,97.43118286132812,1.9291877746582031,0.34637451171875,0.2932548522949219
v4,20000,rural_agricultural_monopitch_1980s,1.2587547302246094,98.74124526977539,0.9241104125976562,0.21800994873046875,0.11663436889648438
v4,22500,munich_res_gabled_1960s,0.8385658264160156,99.16143417358398,0.4738807678222656,0.231170654296875,0.133514404296875
v4,22500,gruenderzeit_res_gabled_pre1919,2.4318695068359375,97.56813049316406,1.4017105102539062,0.7091522216796875,0.32100677490234375
v4,22500,modern_nonres_flat_2000s,2.2586822509765625,97.74131774902344,1.6200065612792969,0.33969879150390625,0.2989768981933594
v4,22500,rural_agricultural_monopitch_1980s,1.5213966369628906,98.47860336303711,1.0664939880371094,0.25959014892578125,0.1953125
v4,25000,munich_res_gabled_1960s,0.7370948791503906,99.26290512084961,0.44231414794921875,0.20208358764648438,0.0926971435546875
v4,25000,gruenderzeit_res_gabled_pre1919,1.8919944763183594,98.10800552368164,1.1049270629882812,0.5426406860351562,0.24442672729492188
v4,25000,modern_nonres_flat_2000s,1.7859458923339844,98.21405410766602,1.3764381408691406,0.21991729736328125,0.1895904541015625
v4,25000,rural_agricultural_monopitch_1980s,0.8568763732910156,99.14312362670898,0.6836891174316406,0.11043548583984375,0.06275177001953125
v4,27500,munich_res_gabled_1960s,0.7917404174804688,99.20825958251953,0.4492759704589844,0.2231597900390625,0.11930465698242188
v4,27500,gruenderzeit_res_gabled_pre1919,1.4001846313476562,98.59981536865234,0.8442878723144531,0.3827095031738281,0.173187255859375
v4,27500,modern_nonres_flat_2000s,1.9723892211914062,98.0276107788086,1.434326171875,0.29144287109375,0.24662017822265625
v4,27500,rural_agricultural_monopitch_1980s,1.02386474609375,98.97613525390625,0.7868766784667969,0.15010833740234375,0.08687973022460938
v4,30000,munich_res_gabled_1960s,0.8105278015136719,99.18947219848633,0.4795074462890625,0.22916793823242188,0.1018524169921875
v4,30000,gruenderzeit_res_gabled_pre1919,1.4677047729492188,98.53229522705078,0.9328842163085938,0.3612518310546875,0.1735687255859375
v4,30000,modern_nonres_flat_2000s,2.432537078857422,97.56746292114258,1.6614913940429688,0.390625,0.3804206848144531
v4,30000,rural_agricultural_monopitch_1980s,0.6811141967773438,99.31888580322266,0.4973411560058594,0.10900497436523438,0.07476806640625
v4,32500,munich_res_gabled_1960s,0.7520675659179688,99.24793243408203,0.4611968994140625,0.17986297607421875,0.1110076904296875
v4,32500,gruenderzeit_res_gabled_pre1919,2.786731719970703,97.2132682800293,1.5233039855957031,0.8243560791015625,0.4390716552734375
v4,32500,modern_nonres_flat_2000s,2.9218673706054688,97.07813262939453,1.993560791015625,0.502777099609375,0.42552947998046875
v4,32500,rural_agricultural_monopitch_1980s,0.5932807922363281,99.40671920776367,0.469207763671875,0.08478164672851562,0.0392913818359375
v4,35000,munich_res_gabled_1960s,0.8008956909179688,99.19910430908203,0.4656791687011719,0.22592544555664062,0.10929107666015625
v4,35000,gruenderzeit_res_gabled_pre1919,2.077960968017578,97.92203903198242,1.1747360229492188,0.6342887878417969,0.2689361572265625
v4,35000,modern_nonres_flat_2000s,1.7147064208984375,98.28529357910156,1.326751708984375,0.20799636840820312,0.17995834350585938
v4,35000,rural_agricultural_monopitch_1980s,0.7393836975097656,99.26061630249023,0.5131721496582031,0.1377105712890625,0.0885009765625
v4,37500,munich_res_gabled_1960s,0.8305549621582031,99.1694450378418,0.4973411560058594,0.21076202392578125,0.1224517822265625
v4,37500,gruenderzeit_res_gabled_pre1919,1.7989158630371094,98.20108413696289,1.0288238525390625,0.5135536193847656,0.25653839111328125
v4,37500,modern_nonres_flat_2000s,2.4221420288085938,97.5778579711914,1.6880035400390625,0.3844261169433594,0.3497123718261719
v4,37500,rural_agricultural_monopitch_1980s,0.9381294250488281,99.06187057495117,0.6310462951660156,0.18320083618164062,0.12388229370117188
v4,40000,munich_res_gabled_1960s,0.9030342102050781,99.09696578979492,0.4901885986328125,0.2717018127441406,0.141143798828125
v4,40000,gruenderzeit_res_gabled_pre1919,2.6101112365722656,97.38988876342773,1.3597488403320312,0.9083747863769531,0.34198760986328125
v4,40000,modern_nonres_flat_2000s,2.3950576782226562,97.60494232177734,1.7224311828613281,0.372314453125,0.3003120422363281
v4,40000,rural_agricultural_monopitch_1980s,0.8762359619140625,99.12376403808594,0.7328033447265625,0.08945465087890625,0.05397796630859375
v4,42500,munich_res_gabled_1960s,1.3021469116210938,98.6978530883789,0.7250785827636719,0.3726959228515625,0.20437240600585938
v4,42500,gruenderzeit_res_gabled_pre1919,2.2948265075683594,97.70517349243164,1.1929512023925781,0.7561683654785156,0.3457069396972656
v4,42500,modern_nonres_flat_2000s,2.3700714111328125,97.62992858886719,1.6696929931640625,0.3726005554199219,0.3277778625488281
v4,42500,rural_agricultural_monopitch_1980s,1.2258529663085938,98.7741470336914,0.8976936340332031,0.19712448120117188,0.13103485107421875
v4,45000,munich_res_gabled_1960s,0.7658958435058594,99.23410415649414,0.44994354248046875,0.20322799682617188,0.11272430419921875
v4,45000,gruenderzeit_res_gabled_pre1919,1.708221435546875,98.29177856445312,0.9722709655761719,0.5074501037597656,0.2285003662109375
v4,45000,modern_nonres_flat_2000s,1.6706466674804688,98.32935333251953,1.2040138244628906,0.24671554565429688,0.21991729736328125
v4,45000,rural_agricultural_monopitch_1980s,1.0076522827148438,98.99234771728516,0.7168769836425781,0.17185211181640625,0.11892318725585938
v4,47500,munich_res_gabled_1960s,0.6541252136230469,99.34587478637695,0.3911018371582031,0.17032623291015625,0.0926971435546875
v4,47500,gruenderzeit_res_gabled_pre1919,2.007293701171875,97.99270629882812,1.0962486267089844,0.6328582763671875,0.2781867980957031
v4,47500,modern_nonres_flat_2000s,1.552581787109375,98.44741821289062,1.1816024780273438,0.205230712890625,0.16574859619140625
v4,47500,rural_agricultural_monopitch_1980s,0.5858421325683594,99.41415786743164,0.4627227783203125,0.07467269897460938,0.0484466552734375
v4,50000,munich_res_gabled_1960s,0.6827354431152344,99.31726455688477,0.3910064697265625,0.19435882568359375,0.09737014770507812
v4,50000,gruenderzeit_res_gabled_pre1919,2.2164344787597656,97.78356552124023,1.1407852172851562,0.7349014282226562,0.3407478332519531
v4,50000,modern_nonres_flat_2000s,2.3731231689453125,97.62687683105469,1.6024589538574219,0.4154205322265625,0.3552436828613281
v4,50000,rural_agricultural_monopitch_1980s,0.960540771484375,99.03945922851562,0.7642745971679688,0.113677978515625,0.08258819580078125
v4,52500,munich_res_gabled_1960s,0.7248878479003906,99.27511215209961,0.4116058349609375,0.22068023681640625,0.09260177612304688
v4,52500,gruenderzeit_res_gabled_pre1919,1.621246337890625,98.37875366210938,0.8666038513183594,0.5274772644042969,0.22716522216796875
v4,52500,modern_nonres_flat_2000s,2.5228500366210938,97.4771499633789,1.72882080078125,0.4276275634765625,0.36640167236328125
v4,52500,rural_agricultural_monopitch_1980s,0.9005546569824219,99.09944534301758,0.7151603698730469,0.10776519775390625,0.07762908935546875
v4,55000,munich_res_gabled_1960s,0.7152557373046875,99.28474426269531,0.4199028015136719,0.1911163330078125,0.10423660278320312
v4,55000,gruenderzeit_res_gabled_pre1919,1.2969970703125,98.7030029296875,0.8087158203125,0.3299713134765625,0.1583099365234375
v4,55000,modern_nonres_flat_2000s,2.3075103759765625,97.69248962402344,1.64794921875,0.32787322998046875,0.33168792724609375
v4,55000,rural_agricultural_monopitch_1980s,1.6091346740722656,98.39086532592773,1.1294364929199219,0.28247833251953125,0.1972198486328125
v4,57500,munich_res_gabled_1960s,0.9898185729980469,99.01018142700195,0.5564689636230469,0.2765655517578125,0.1567840576171875
v4,57500,gruenderzeit_res_gabled_pre1919,2.1933555603027344,97.80664443969727,1.1614799499511719,0.6836891174316406,0.3481864929199219
v4,57500,modern_nonres_flat_2000s,2.1393775939941406,97.86062240600586,1.5051841735839844,0.342559814453125,0.29163360595703125
v4,57500,rural_agricultural_monopitch_1980s,0.9012222290039062,99.0987777709961,0.6784439086914062,0.13341903686523438,0.08935928344726562
v4,60000,munich_res_gabled_1960s,0.7069587707519531,99.29304122924805,0.42896270751953125,0.17747879028320312,0.10051727294921875
v4,60000,gruenderzeit_res_gabled_pre1919,1.8109321594238281,98.18906784057617,1.0272026062011719,0.5285263061523438,0.2552032470703125
v4,60000,modern_nonres_flat_2000s,2.2629737854003906,97.73702621459961,1.6143798828125,0.3470420837402344,0.30155181884765625
v4,60000,rural_agricultural_monopitch_1980s,1.1415481567382812,98.85845184326172,0.9221076965332031,0.14057159423828125,0.07886886596679688
v4,62500,munich_res_gabled_1960s,0.8640289306640625,99.13597106933594,0.46234130859375,0.24919509887695312,0.15249252319335938
v4,62500,gruenderzeit_res_gabled_pre1919,1.4486312866210938,98.5513687133789,0.7474899291992188,0.46901702880859375,0.23212432861328125
v4,62500,modern_nonres_flat_2000s,1.6818046569824219,98.31819534301758,1.2314796447753906,0.238800048828125,0.21152496337890625
v4,62500,rural_agricultural_monopitch_1980s,0.5616188049316406,99.43838119506836,0.426483154296875,0.07572174072265625,0.059413909912109375
v4,65000,munich_res_gabled_1960s,1.1020660400390625,98.89793395996094,0.6201744079589844,0.3102302551269531,0.171661376953125
v4,65000,gruenderzeit_res_gabled_pre1919,1.7950057983398438,98.20499420166016,1.0076522827148438,0.5449295043945312,0.24242401123046875
v4,65000,modern_nonres_flat_2000s,2.1882057189941406,97.81179428100586,1.5824317932128906,0.3336906433105469,0.2720832824707031
v4,65000,rural_agricultural_monopitch_1980s,1.0664939880371094,98.93350601196289,0.8694648742675781,0.12464523315429688,0.07238388061523438
v4,67500,munich_res_gabled_1960s,1.2918472290039062,98.7081527709961,0.6353378295898438,0.4216194152832031,0.23488998413085938
v4,67500,gruenderzeit_res_gabled_pre1919,1.7457008361816406,98.25429916381836,1.0168075561523438,0.5101203918457031,0.21877288818359375
v4,67500,modern_nonres_flat_2000s,2.3286819458007812,97.67131805419922,1.6674995422363281,0.3434181213378906,0.3177642822265625
v4,67500,rural_agricultural_monopitch_1980s,1.0433197021484375,98.95668029785156,0.847625732421875,0.14209747314453125,0.05359649658203125
v4,70000,munich_res_gabled_1960s,0.6845474243164062,99.3154525756836,0.46234130859375,0.13399124145507812,0.08821487426757812
v4,70000,gruenderzeit_res_gabled_pre1919,1.4302253723144531,98.56977462768555,0.8775711059570312,0.3701210021972656,0.18253326416015625
v4,70000,modern_nonres_flat_2000s,2.3542404174804688,97.64575958251953,1.7246246337890625,0.3512382507324219,0.2783775329589844
v4,70000,rural_agricultural_monopitch_1980s,0.571441650390625,99.42855834960938,0.4718780517578125,0.057125091552734375,0.042438507080078125
v4,72500,munich_res_gabled_1960s,0.7137298583984375,99.28627014160156,0.44498443603515625,0.16984939575195312,0.09889602661132812
v4,72500,gruenderzeit_res_gabled_pre1919,1.9696235656738281,98.03037643432617,1.0136604309082031,0.6606101989746094,0.2953529357910156
v4,72500,modern_nonres_flat_2000s,3.0824661254882812,96.91753387451172,2.0323753356933594,0.5709648132324219,0.4791259765625
v4,72500,rural_agricultural_monopitch_1980s,0.7159233093261719,99.28407669067383,0.577545166015625,0.07839202880859375,0.059986114501953125
v4,75000,munich_res_gabled_1960s,0.7119178771972656,99.28808212280273,0.4481315612792969,0.16727447509765625,0.0965118408203125
v4,75000,gruenderzeit_res_gabled_pre1919,1.6371726989746094,98.36282730102539,0.8372306823730469,0.5501747131347656,0.24976730346679688
v4,75000,modern_nonres_flat_2000s,2.514934539794922,97.48506546020508,1.6051292419433594,0.4845619201660156,0.4252433776855469
v4,75000,rural_agricultural_monopitch_1980s,0.7010459899902344,99.29895401000977,0.5480766296386719,0.08764266967773438,0.06532669067382812
v4,77500,munich_res_gabled_1960s,0.8427619934082031,99.1572380065918,0.5186080932617188,0.20236968994140625,0.12178421020507812
v4,77500,gruenderzeit_res_gabled_pre1919,1.8179893493652344,98.18201065063477,0.9922981262207031,0.5524635314941406,0.2732276916503906
v4,77500,modern_nonres_flat_2000s,1.9186019897460938,98.0813980102539,1.43280029296875,0.2682685852050781,0.21753311157226562
v4,77500,rural_agricultural_monopitch_1980s,0.9592056274414062,99.0407943725586,0.8127212524414062,0.08697509765625,0.05950927734375
v4,80000,munich_res_gabled_1960s,0.7590293884277344,99.24097061157227,0.4214286804199219,0.22096633911132812,0.11663436889648438
v4,80000,gruenderzeit_res_gabled_pre1919,1.399993896484375,98.60000610351562,0.736236572265625,0.4780769348144531,0.18568038940429688
v4,80000,modern_nonres_flat_2000s,1.3772964477539062,98.6227035522461,1.0067939758300781,0.2040863037109375,0.16641616821289062
v4,80000,rural_agricultural_monopitch_1980s,0.5913734436035156,99.40862655639648,0.4624366760253906,0.0823974609375,0.046539306640625
v4,82500,munich_res_gabled_1960s,0.8808135986328125,99.11918640136719,0.4955291748046875,0.2475738525390625,0.1377105712890625
v4,82500,gruenderzeit_res_gabled_pre1919,1.4098167419433594,98.59018325805664,0.769805908203125,0.4338264465332031,0.20618438720703125
v4,82500,modern_nonres_flat_2000s,1.9394874572753906,98.06051254272461,1.3882637023925781,0.3006935119628906,0.2505302429199219
v4,82500,rural_agricultural_monopitch_1980s,0.7245063781738281,99.27549362182617,0.5602836608886719,0.1003265380859375,0.06389617919921875
v4,85000,munich_res_gabled_1960s,0.8755683898925781,99.12443161010742,0.513458251953125,0.22945404052734375,0.13265609741210938
v4,85000,gruenderzeit_res_gabled_pre1919,2.2136688232421875,97.78633117675781,1.1663436889648438,0.6975173950195312,0.3498077392578125
v4,85000,modern_nonres_flat_2000s,2.489948272705078,97.51005172729492,1.6411781311035156,0.46443939208984375,0.38433074951171875
v4,85000,rural_agricultural_monopitch_1980s,0.5373954772949219,99.46260452270508,0.4169464111328125,0.06999969482421875,0.050449371337890625
v4,87500,munich_res_gabled_1960s,0.7719039916992188,99.22809600830078,0.4799842834472656,0.17910003662109375,0.11281967163085938
v4,87500,gruenderzeit_res_gabled_pre1919,1.656341552734375,98.34365844726562,0.9444236755371094,0.47969818115234375,0.23221969604492188
v4,87500,modern_nonres_flat_2000s,1.6038894653320312,98.39611053466797,1.1897087097167969,0.2223968505859375,0.19178390502929688
v4,87500,rural_agricultural_monopitch_1980s,0.7289886474609375,99.27101135253906,0.5834579467773438,0.08630752563476562,0.059223175048828125
v4,90000,munich_res_gabled_1960s,1.092529296875,98.907470703125,0.5877494812011719,0.3173828125,0.18739700317382812
v4,90000,gruenderzeit_res_gabled_pre1919,1.5854835510253906,98.41451644897461,0.8770942687988281,0.5091667175292969,0.19922256469726562
v4,90000,modern_nonres_flat_2000s,1.3963699340820312,98.60363006591797,1.0072708129882812,0.21905899047851562,0.17004013061523438
v4,90000,rural_agricultural_monopitch_1980s,0.9963035583496094,99.00369644165039,0.7988929748535156,0.1186370849609375,0.07877349853515625
v4,92500,munich_res_gabled_1960s,0.9978294372558594,99.00217056274414,0.5611419677734375,0.27675628662109375,0.15993118286132812
v4,92500,gruenderzeit_res_gabled_pre1919,2.2223472595214844,97.77765274047852,1.2028694152832031,0.6989479064941406,0.3205299377441406
v4,92500,modern_nonres_flat_2000s,1.5596389770507812,98.44036102294922,1.1242866516113281,0.25920867919921875,0.17614364624023438
v4,92500,rural_agricultural_monopitch_1980s,1.1044502258300781,98.89554977416992,0.8775711059570312,0.14324188232421875,0.08363723754882812
v4,95000,munich_res_gabled_1960s,0.6488800048828125,99.35111999511719,0.417327880859375,0.14591217041015625,0.08563995361328125
v4,95000,gruenderzeit_res_gabled_pre1919,1.7154693603515625,98.28453063964844,1.0094642639160156,0.47454833984375,0.23145675659179688
v4,95000,modern_nonres_flat_2000s,1.9944190979003906,98.00558090209961,1.4043807983398438,0.331878662109375,0.2581596374511719
v4,95000,rural_agricultural_monopitch_1980s,0.6508827209472656,99.34911727905273,0.5239486694335938,0.07410049438476562,0.05283355712890625
v4,97500,munich_res_gabled_1960s,0.7552146911621094,99.24478530883789,0.4788398742675781,0.170135498046875,0.10623931884765625
v4,97500,gruenderzeit_res_gabled_pre1919,1.9904136657714844,98.00958633422852,1.1292457580566406,0.5820274353027344,0.2791404724121094
v4,97500,modern_nonres_flat_2000s,1.488494873046875,98.51150512695312,1.1278152465820312,0.197601318359375,0.16307830810546875
v4,97500,rural_agricultural_monopitch_1980s,0.9113311767578125,99.08866882324219,0.7426261901855469,0.10099411010742188,0.06771087646484375
v4,100000,munich_res_gabled_1960s,0.7558822631835938,99.2441177368164,0.4771232604980469,0.17833709716796875,0.10042190551757812
v4,100000,gruenderzeit_res_gabled_pre1919,1.9314765930175781,98.06852340698242,1.0202407836914062,0.6386756896972656,0.27256011962890625
v4,100000,modern_nonres_flat_2000s,1.6611099243164062,98.3388900756836,1.1958122253417969,0.2982139587402344,0.167083740234375
v4,100000,rural_agricultural_monopitch_1980s,0.8234977722167969,99.1765022277832,0.6586074829101562,0.09002685546875,0.07486343383789062
